-- MySQL dump 10.13  Distrib 5.1.73, for redhat-linux-gnu (x86_64)

/*!40101 SET @OLD_CHARACTER_SET_CLIENT=@@CHARACTER_SET_CLIENT */;
/*!40101 SET @OLD_CHARACTER_SET_RESULTS=@@CHARACTER_SET_RESULTS */;
/*!40101 SET @OLD_COLLATION_CONNECTION=@@COLLATION_CONNECTION */;
/*!40101 SET NAMES utf8 */;
/*!40103 SET @OLD_TIME_ZONE=@@TIME_ZONE */;
/*!40103 SET TIME_ZONE='+00:00' */;
/*!40014 SET @OLD_UNIQUE_CHECKS=@@UNIQUE_CHECKS, UNIQUE_CHECKS=0 */;
/*!40014 SET @OLD_FOREIGN_KEY_CHECKS=@@FOREIGN_KEY_CHECKS, FOREIGN_KEY_CHECKS=0 */;
/*!40101 SET @OLD_SQL_MODE=@@SQL_MODE, SQL_MODE='NO_AUTO_VALUE_ON_ZERO' */;
/*!40111 SET @OLD_SQL_NOTES=@@SQL_NOTES, SQL_NOTES=0 */;

--
-- Table structure for table `ExpandoValue`
--

DROP TABLE IF EXISTS `ExpandoValue`;
/*!40101 SET @saved_cs_client     = @@character_set_client */;
/*!40101 SET character_set_client = utf8 */;
CREATE TABLE `ExpandoValue` (
  `valueId` bigint(20) NOT NULL,
  `companyId` bigint(20) DEFAULT NULL,
  `tableId` bigint(20) DEFAULT NULL,
  `columnId` bigint(20) DEFAULT NULL,
  `rowId_` bigint(20) DEFAULT NULL,
  `classNameId` bigint(20) DEFAULT NULL,
  `classPK` bigint(20) DEFAULT NULL,
  `data_` longtext,
  PRIMARY KEY (`valueId`),
  UNIQUE KEY `IX_9DDD21E5` (`columnId`,`rowId_`),
  UNIQUE KEY `IX_D27B03E7` (`tableId`,`columnId`,`classPK`),
  KEY `IX_B29FEF17` (`classNameId`,`classPK`),
  KEY `IX_F7DD0987` (`columnId`),
  KEY `IX_9112A7A0` (`rowId_`),
  KEY `IX_F0566A77` (`tableId`),
  KEY `IX_1BD3F4C` (`tableId`,`classPK`),
  KEY `IX_CA9AFB7C` (`tableId`,`columnId`),
  KEY `IX_B71E92D5` (`tableId`,`rowId_`)
) ENGINE=InnoDB DEFAULT CHARSET=utf8;
/*!40101 SET character_set_client = @saved_cs_client */;

--
-- Dumping data for table `ExpandoValue`
--

LOCK TABLES `ExpandoValue` WRITE;
/*!40000 ALTER TABLE `ExpandoValue` DISABLE KEYS */;
INSERT INTO `ExpandoValue` VALUES (10955,10154,10501,10502,10954,10005,10948,'RDdo@funet.fi'),(10956,10154,10501,10503,10954,10005,10948,'RDdo.test@remsdemo.fi'),(10958,10154,10501,10504,10954,10005,10948,'RDdo REMSDEMO-DO'),(10959,10154,10501,10505,10954,10005,10948,'REMSDEMO-DO'),(10960,10154,10501,10506,10954,10005,10948,'RDdo'),(10961,10154,10501,10507,10954,10005,10948,'funet.fi'),(10962,10154,10501,10508,10954,10005,10948,'urn:mace:terena.org:schac:homeOrganizationType:fi:university'),(10963,10154,10501,10509,10954,10005,10948,''),(10974,10154,10501,10502,10973,10005,10967,'RDuser1@funet.fi'),(10975,10154,10501,10503,10973,10005,10967,'RDuser1.test@remsdemo.fi'),(10977,10154,10501,10504,10973,10005,10967,'RDuser1 REMSDEMO1'),(10978,10154,10501,10505,10973,10005,10967,'REMSDEMO1'),(10979,10154,10501,10506,10973,10005,10967,'RDuser1'),(10980,10154,10501,10507,10973,10005,10967,'funet.fi'),(10981,10154,10501,10508,10973,10005,10967,'urn:mace:terena.org:schac:homeOrganizationType:fi:university'),(10982,10154,10501,10509,10973,10005,10967,''),(10991,10154,10501,10502,10990,10005,10984,'RDuser2@funet.fi'),(10992,10154,10501,10503,10990,10005,10984,'RDuser2.test@remsdemo.fi'),(10994,10154,10501,10504,10990,10005,10984,'RDuser2 REMSDEMO2'),(10995,10154,10501,10505,10990,10005,10984,'REMSDEMO2'),(10996,10154,10501,10506,10990,10005,10984,'RDuser2'),(10997,10154,10501,10507,10990,10005,10984,'funet.fi'),(10998,10154,10501,10508,10990,10005,10984,'urn:mace:terena.org:schac:homeOrganizationType:fi:university'),(10999,10154,10501,10509,10990,10005,10984,''),(11210,10154,10501,10502,11209,10005,11203,'RDdomainowner@funet.fi'),(11211,10154,10501,10503,11209,10005,11203,'rddomainowner.test@rems_example.org'),(11213,10154,10501,10504,11209,10005,11203,'RDdomainowner REMSDEMO'),(11214,10154,10501,10505,11209,10005,11203,'REMSDEMO'),(11215,10154,10501,10506,11209,10005,11203,'RDdomainowner'),(11216,10154,10501,10507,11209,10005,11203,'funet.fi'),(11217,10154,10501,10508,11209,10005,11203,'urn:mace:terena.org:schac:homeOrganizationType:fi:university'),(11218,10154,10501,10509,11209,10005,11203,''),(11227,10154,10501,10502,11226,10005,11220,'RDowner@funet.fi'),(11228,10154,10501,10503,11226,10005,11220,'rdowner.test@rems_example.org'),(11230,10154,10501,10504,11226,10005,11220,'RDowner REMSDEMO'),(11231,10154,10501,10505,11226,10005,11220,'REMSDEMO'),(11232,10154,10501,10506,11226,10005,11220,'RDowner'),(11233,10154,10501,10507,11226,10005,11220,'funet.fi'),(11234,10154,10501,10508,11226,10005,11220,'urn:mace:terena.org:schac:homeOrganizationType:fi:university'),(11235,10154,10501,10509,11226,10005,11220,''),(11244,10154,10501,10502,11243,10005,11237,'RDreview@funet.fi'),(11245,10154,10501,10503,11243,10005,11237,'rdreview.test@rems_example.org'),(11247,10154,10501,10504,11243,10005,11237,'RDreview REMSDEMO'),(11248,10154,10501,10505,11243,10005,11237,'REMSDEMO'),(11249,10154,10501,10506,11243,10005,11237,'RDreview'),(11250,10154,10501,10507,11243,10005,11237,'funet.fi'),(11251,10154,10501,10508,11243,10005,11237,'urn:mace:terena.org:schac:homeOrganizationType:fi:university'),(11252,10154,10501,10509,11243,10005,11237,''),(11261,10154,10501,10502,11260,10005,11254,'RDapprover1@funet.fi'),(11262,10154,10501,10503,11260,10005,11254,'RDapprover1@rems_example.org'),(11264,10154,10501,10504,11260,10005,11254,'RDapprover1 REMSDEMO'),(11265,10154,10501,10505,11260,10005,11254,'REMSDEMO'),(11266,10154,10501,10506,11260,10005,11254,'RDapprover1'),(11267,10154,10501,10507,11260,10005,11254,'funet.fi'),(11268,10154,10501,10508,11260,10005,11254,'urn:mace:terena.org:schac:homeOrganizationType:fi:university'),(11269,10154,10501,10509,11260,10005,11254,''),(11278,10154,10501,10502,11277,10005,11271,'RDapprover2@funet.fi'),(11279,10154,10501,10503,11277,10005,11271,'RDapprover2@rems_example.org'),(11281,10154,10501,10504,11277,10005,11271,'RDapprover2 REMSDEMO'),(11282,10154,10501,10505,11277,10005,11271,'REMSDEMO'),(11283,10154,10501,10506,11277,10005,11271,'RDapprover2'),(11284,10154,10501,10507,11277,10005,11271,'funet.fi'),(11285,10154,10501,10508,11277,10005,11271,'urn:mace:terena.org:schac:homeOrganizationType:fi:university'),(11286,10154,10501,10509,11277,10005,11271,''),(11332,10154,10501,10502,11331,10005,11325,'RDapplicant@funet.fi'),(11333,10154,10501,10503,11331,10005,11325,'RDapplicant.test@remsdemo.fi'),(11335,10154,10501,10504,11331,10005,11325,'RDapplicant REMSDEMO1'),(11336,10154,10501,10505,11331,10005,11325,'REMSDEMO1'),(11337,10154,10501,10506,11331,10005,11325,'RDapplicant'),(11338,10154,10501,10507,11331,10005,11325,'funet.fi'),(11339,10154,10501,10508,11331,10005,11325,'urn:mace:terena.org:schac:homeOrganizationType:fi:university'),(11340,10154,10501,10509,11331,10005,11325,''),(11453,10154,10501,10502,11452,10005,11446,'RDapplicant1@funet.fi'),(11454,10154,10501,10503,11452,10005,11446,'RDapplicant1@rems_example.org'),(11456,10154,10501,10504,11452,10005,11446,'RDapplicant1 REMSDEMO1'),(11457,10154,10501,10505,11452,10005,11446,'REMSDEMO1'),(11458,10154,10501,10506,11452,10005,11446,'RDapplicant1'),(11459,10154,10501,10507,11452,10005,11446,'funet.fi'),(11460,10154,10501,10508,11452,10005,11446,'urn:mace:terena.org:schac:homeOrganizationType:fi:university'),(11461,10154,10501,10509,11452,10005,11446,''),(11470,10154,10501,10502,11469,10005,11463,'RDapplicant2@funet.fi'),(11471,10154,10501,10503,11469,10005,11463,'RDapplicant2@rems_example.org'),(11473,10154,10501,10504,11469,10005,11463,'RDapplicant2 REMSDEMO'),(11474,10154,10501,10505,11469,10005,11463,'REMSDEMO'),(11475,10154,10501,10506,11469,10005,11463,'RDapplicant2'),(11476,10154,10501,10507,11469,10005,11463,'funet.fi'),(11477,10154,10501,10508,11469,10005,11463,'urn:mace:terena.org:schac:homeOrganizationType:fi:university'),(11478,10154,10501,10509,11469,10005,11463,''),(11493,10154,10501,10502,11492,10005,11486,'RDdomainreporter@funet.fi'),(11494,10154,10501,10503,11492,10005,11486,'rddomainreporter.test@rems_example.org'),(11496,10154,10501,10504,11492,10005,11486,'RDdomainreporter REMSDEMO'),(11497,10154,10501,10505,11492,10005,11486,'REMSDEMO'),(11498,10154,10501,10506,11492,10005,11486,'RDdomainreporter'),(11499,10154,10501,10507,11492,10005,11486,'funet.fi'),(11500,10154,10501,10508,11492,10005,11486,'urn:mace:terena.org:schac:homeOrganizationType:fi:university'),(11501,10154,10501,10509,11492,10005,11486,''),(15251,10154,10501,10511,15250,10005,15243,'4d64d1bc9d476dfe283daac17e2e66939278db3d756c49ec3e709e62f35fa6594e45ebe59aa1d01c62793efd6f59570a789b720ab4b0161dc58895f99d513b9f'),(15252,10154,10501,10512,15250,10005,15243,'-1'),(15253,10154,10501,10510,15250,10005,15243,'RDowner.test@rems_example.org'),(15254,10154,10501,10513,15250,10005,15243,'1'),(15263,10154,10501,10511,15262,10005,15255,'952315cf9757832170aa657ac302e349eeb28d99a245ddc0fe69feace60a856a87f889a6806b5f0ee6a73084b2acd438a26f7daeeec3fb971a95d241cb1779c5'),(15264,10154,10501,10512,15262,10005,15255,'-1'),(15265,10154,10501,10510,15262,10005,15255,'1.test@rems_example.org'),(15266,10154,10501,10513,15262,10005,15255,'1'),(15809,10154,10501,10503,15808,10005,15801,'rdresowner.test@remsdemo.fi'),(16110,10154,10501,10503,16109,10005,16102,'rdowner22.test@remsdemo.fi '),(16139,10154,10501,10503,16138,10005,16131,'rdowner3434@remsdemo.fi'),(16211,10154,10501,10511,16210,10005,16203,'36cfef369d696f24bd0bf75191f0c645dce6681e9d4d276133d44a86fa41499b1a36fa510684e73e16be135dcd7ac43f983246ca35f463ae24af6aed51fa1731'),(16212,10154,10501,10512,16210,10005,16203,'-1'),(16213,10154,10501,10510,16210,10005,16203,'rdowner.test@remsdemo.fi'),(16214,10154,10501,10513,16210,10005,16203,'1'),(16509,10154,10501,10511,16508,10005,16501,'b3e87774fdc49fb99828e4a93965d515d7eb1ffe315f14298754bf5047d26e18313a78e6d03f9ac3864f9394e7a0ab3a01d5bf8df7b762e6dc4a22454e2dee35'),(16510,10154,10501,10512,16508,10005,16501,'-1'),(16511,10154,10501,10510,16508,10005,16501,'rdowner.test@example.org'),(16512,10154,10501,10513,16508,10005,16501,'1'),(17008,10154,10501,10511,17007,10005,17001,'851b0db5c367e191560dd8e75f4bbd7e2450480d88a92c8584ba5415be844badddea363858e15ee5db8285a1cbb5e64b96edba177df7510038a9f70dfcc7a0c7'),(17009,10154,10501,10512,17007,10005,17001,'-1'),(17010,10154,10501,10510,17007,10005,17001,'test@test.fi'),(17011,10154,10501,10513,17007,10005,17001,'1'),(17019,10154,10501,10511,17018,10005,17012,'39d6ba77b8a9bf46178651068fa23ece96bd6a469f2423006518f94604e7f2a1c0b44f368a174aa9a80ad46402760adb226a9a4604677112d897f97b2ad76d2a'),(17020,10154,10501,10512,17018,10005,17012,'-1'),(17021,10154,10501,10510,17018,10005,17012,'testi@testi.fi'),(17022,10154,10501,10513,17018,10005,17012,'1');
/*!40000 ALTER TABLE `ExpandoValue` ENABLE KEYS */;
UNLOCK TABLES;

--
-- Table structure for table `ExpandoColumn`
--

DROP TABLE IF EXISTS `ExpandoColumn`;
/*!40101 SET @saved_cs_client     = @@character_set_client */;
/*!40101 SET character_set_client = utf8 */;
CREATE TABLE `ExpandoColumn` (
  `columnId` bigint(20) NOT NULL,
  `companyId` bigint(20) DEFAULT NULL,
  `tableId` bigint(20) DEFAULT NULL,
  `name` varchar(75) DEFAULT NULL,
  `type_` int(11) DEFAULT NULL,
  `defaultData` longtext,
  `typeSettings` longtext,
  PRIMARY KEY (`columnId`),
  UNIQUE KEY `IX_FEFC8DA7` (`tableId`,`name`),
  KEY `IX_A8C0CBE8` (`tableId`)
) ENGINE=InnoDB DEFAULT CHARSET=utf8;
/*!40101 SET character_set_client = @saved_cs_client */;

--
-- Dumping data for table `ExpandoColumn`
--

LOCK TABLES `ExpandoColumn` WRITE;
/*!40000 ALTER TABLE `ExpandoColumn` DISABLE KEYS */;
INSERT INTO `ExpandoColumn` VALUES (10502,10154,10501,'eppn',15,'','index-type=1\nhidden=true\nwidth=150\nvisible-with-update-permission=false\n'),(10503,10154,10501,'email',15,'','hidden=true\nwidth=150\nvisible-with-update-permission=false\n'),(10504,10154,10501,'cn',15,'','hidden=true\nwidth=150\nvisible-with-update-permission=false\n'),(10505,10154,10501,'sn',15,'','height=0\nindex-type=0\nhidden=1\nwidth=150\nsecret=0\nvisible-with-update-permission=0\n'),(10506,10154,10501,'displayname',15,'','hidden=true\nwidth=150\nvisible-with-update-permission=false\n'),(10507,10154,10501,'homeorg',15,'','hidden=true\nwidth=150\nvisible-with-update-permission=false\n'),(10508,10154,10501,'homeorgtype',15,'','hidden=true\nwidth=150\nvisible-with-update-permission=false\n'),(10509,10154,10501,'affiliation',15,'','hidden=true\nwidth=150\nvisible-with-update-permission=false\n'),(10510,10154,10501,'invemail',15,'','hidden=true\nwidth=256\nvisible-with-update-permission=false\n'),(10511,10154,10501,'invhash',15,'','hidden=true\nwidth=256\nvisible-with-update-permission=false\n'),(10512,10154,10501,'mappedid',11,'','hidden=true\nvisible-with-update-permission=false\n'),(10513,10154,10501,'invstate',13,'','hidden=true\nvisible-with-update-permission=false\n'),(13302,10154,13301,'manualCheckInRequired',1,'','hidden=true\n'),(13308,10154,13307,'clientId',15,'','');
/*!40000 ALTER TABLE `ExpandoColumn` ENABLE KEYS */;
UNLOCK TABLES;

--
-- Table structure for table `ExpandoRow`
--

DROP TABLE IF EXISTS `ExpandoRow`;
/*!40101 SET @saved_cs_client     = @@character_set_client */;
/*!40101 SET character_set_client = utf8 */;
CREATE TABLE `ExpandoRow` (
  `rowId_` bigint(20) NOT NULL,
  `companyId` bigint(20) DEFAULT NULL,
  `tableId` bigint(20) DEFAULT NULL,
  `classPK` bigint(20) DEFAULT NULL,
  `modifiedDate` datetime DEFAULT NULL,
  PRIMARY KEY (`rowId_`),
  UNIQUE KEY `IX_81EFBFF5` (`tableId`,`classPK`),
  KEY `IX_D3F5D7AE` (`tableId`),
  KEY `IX_49EB3118` (`classPK`)
) ENGINE=InnoDB DEFAULT CHARSET=utf8;
/*!40101 SET character_set_client = @saved_cs_client */;

--
-- Dumping data for table `ExpandoRow`
--

LOCK TABLES `ExpandoRow` WRITE;
/*!40000 ALTER TABLE `ExpandoRow` DISABLE KEYS */;
INSERT INTO `ExpandoRow` VALUES (10954,10154,10501,10948,'2014-09-15 10:58:58'),(10973,10154,10501,10967,'2014-09-15 10:58:58'),(10990,10154,10501,10984,'2014-09-15 10:58:58'),(11209,10154,10501,11203,'2014-09-15 10:58:58'),(11226,10154,10501,11220,'2014-09-15 10:58:58'),(11243,10154,10501,11237,'2014-09-15 10:58:58'),(11260,10154,10501,11254,'2014-09-15 10:58:58'),(11277,10154,10501,11271,'2014-09-15 10:58:58'),(11331,10154,10501,11325,'2014-09-15 10:58:58'),(11452,10154,10501,11446,'2014-09-15 10:58:58'),(11469,10154,10501,11463,'2014-09-15 10:58:58'),(11492,10154,10501,11486,'2014-09-15 10:58:58'),(15250,10154,10501,15243,'2014-10-21 10:44:44'),(15262,10154,10501,15255,'2014-10-21 10:50:11'),(15808,10154,10501,15801,'2014-12-23 08:32:56'),(16109,10154,10501,16102,'2015-05-04 11:04:21'),(16138,10154,10501,16131,'2015-05-04 11:42:02'),(16210,10154,10501,16203,'2015-05-12 07:24:17'),(16508,10154,10501,16501,'2015-11-23 09:34:12'),(17007,10154,10501,17001,'2017-02-10 08:46:33'),(17018,10154,10501,17012,'2017-02-10 08:59:45');
/*!40000 ALTER TABLE `ExpandoRow` ENABLE KEYS */;
UNLOCK TABLES;

--
-- Table structure for table `ExpandoTable`
--

DROP TABLE IF EXISTS `ExpandoTable`;
/*!40101 SET @saved_cs_client     = @@character_set_client */;
/*!40101 SET character_set_client = utf8 */;
CREATE TABLE `ExpandoTable` (
  `tableId` bigint(20) NOT NULL,
  `companyId` bigint(20) DEFAULT NULL,
  `classNameId` bigint(20) DEFAULT NULL,
  `name` varchar(75) DEFAULT NULL,
  PRIMARY KEY (`tableId`),
  UNIQUE KEY `IX_37562284` (`companyId`,`classNameId`,`name`),
  KEY `IX_B5AE8A85` (`companyId`,`classNameId`)
) ENGINE=InnoDB DEFAULT CHARSET=utf8;
/*!40101 SET character_set_client = @saved_cs_client */;

--
-- Dumping data for table `ExpandoTable`
--

LOCK TABLES `ExpandoTable` WRITE;
/*!40000 ALTER TABLE `ExpandoTable` DISABLE KEYS */;
INSERT INTO `ExpandoTable` VALUES (13922,10154,10002,'OPEN_SOCIAL_DATA_'),(10501,10154,10005,'CUSTOM_FIELDS'),(13307,10154,10005,'MP'),(13923,10154,10005,'OPEN_SOCIAL_DATA_'),(13301,10154,10010,'CUSTOM_FIELDS');
/*!40000 ALTER TABLE `ExpandoTable` ENABLE KEYS */;
UNLOCK TABLES;
/*!40103 SET TIME_ZONE=@OLD_TIME_ZONE */;

/*!40101 SET SQL_MODE=@OLD_SQL_MODE */;
/*!40014 SET FOREIGN_KEY_CHECKS=@OLD_FOREIGN_KEY_CHECKS */;
/*!40014 SET UNIQUE_CHECKS=@OLD_UNIQUE_CHECKS */;
/*!40101 SET CHARACTER_SET_CLIENT=@OLD_CHARACTER_SET_CLIENT */;
/*!40101 SET CHARACTER_SET_RESULTS=@OLD_CHARACTER_SET_RESULTS */;
/*!40101 SET COLLATION_CONNECTION=@OLD_COLLATION_CONNECTION */;
/*!40111 SET SQL_NOTES=@OLD_SQL_NOTES */;

-- Dump completed on 2017-11-06 16:24:40
